Autoridad,Expediente,Destino,Fecha_salida,Fecha_llegada,Viaticos_pesos,Viaticos_dolar,Viaticos_euro,Motivo,Bloque,dolar_a_peso,euro_a_peso,pesos_total,Año,Duracion_viaje
"BERMEJO, Rolando Adolfo",HSN 0204/2012,Chile,2012-02-02,2012-02-08,0.0,1000.0,0.0,Feria Internacional de Integración Papudo,PJ Frente para la Victoria,4350.0,0.0,4350.0,2012,6.0
"BIANCALANI, Fabio Dario",HSN 0284/2012,México,2012-02-19,2012-02-26,0.0,1500.0,0.0,Eurolat,PJ Frente para la Victoria,7274.999999999999,0.0,7274.999999999999,2012,7.0
"CORRADI, Ana María",HSN 0569/2012,Costa Rica,2012-03-03,2012-03-08,0.0,1200.0,0.0,Parlaméricas,PJ Frente para la Victoria,5820.0,0.0,5820.0,2012,5.0
"ITURREZ DE CAPPELLINI, Ada Rosa del Valle",HSN 0496/2012,Costa Rica,2012-03-05,2012-03-11,0.0,1400.0,0.0,Parlaméricas,Frente Cívico por Santiago,6097.000000000001,0.0,6097.000000000001,2012,6.0
"CASTILLO, Oscar Aníbal",HSN 0652/2012,Francia,2012-03-11,2012-03-18,0.0,0.0,2100.0,World Water Forum,Frente Cívico y Social de Catamarca,0.0,13272.0,13272.0,2012,7.0
"RIOFRIO, Marina Raquel",HSN 0821/2012,Chile,2012-03-15,2012-03-16,0.0,200.0,0.0,Comitiva oficial,PJ Frente para la Victoria,874.0,0.0,874.0,2012,1.0
"BIANCALANI, Fabio Dario",HSN 0917/2012,Italia,2012-03-26,2012-04-01,0.0,0.0,2100.0,Foro Eurolatinoamericano de las Mujeres,PJ Frente para la Victoria,0.0,13272.0,13272.0,2012,6.0
"ROMERO, Juan Carlos",HSN 0521/2012,Uganda,2012-03-28,2012-04-06,0.0,3000.0,0.0,Reunión Interparlamentaria,PJ Frente para la Victoria,13169.999999999998,0.0,13169.999999999998,2012,9.0
"FILMUS, Daniel Fernando",HSN 0521/2012,Uganda,2012-03-28,2012-04-06,0.0,3000.0,0.0,Reunión Interparlamentaria,PJ Frente para la Victoria,13169.999999999998,0.0,13169.999999999998,2012,9.0
"ESCUDERO, Sonia Margarita",HSN 0521/2012,Uganda,2012-03-28,2012-04-06,0.0,3000.0,0.0,Reunión Interparlamentaria,Justicialista 8 de Octubre,13169.999999999998,0.0,13169.999999999998,2012,9.0
"GIUSTINIANI, Rubén Héctor",HSN 0521/2012,Uganda,2012-03-28,2012-04-06,0.0,3000.0,0.0,Reunión Interparlamentaria,Partido Socialista,13169.999999999998,0.0,13169.999999999998,2012,9.0
"LEGUIZAMÓN, María Laura",HSN 0854/2012,Estados Unidos,2012-04-02,2012-04-10,0.0,2100.0,0.0,Reunión Américas,PJ Frente para la Victoria,10185.0,0.0,10185.0,2012,8.0
"BIANCALANI, Fabio Dario",HSN 1067/2012,Uruguay,2012-04-12,2012-04-13,0.0,400.0,0.0,Mercosur,PJ Frente para la Victoria,1762.0,0.0,1762.0,2012,1.0
"BONGIORNO, María José",HSN 1233/2012,Colombia,2012-04-13,2012-04-15,0.0,600.0,0.0,Cumbre de las Américas,PJ Frente para la Victoria,2646.0,0.0,2646.0,2012,2.0
"ESTENSSORO, María Eugenia",HSN 1241/2012,Estados Unidos,2012-05-01,2012-05-08,0.0,1800.0,0.0,Simposio RAP Universidad de Columbia,Coalición Cívica,8730.0,0.0,8730.0,2012,7.0
"MORANDINI, Norma",HSN 1547/2012,Estados Unidos,2012-05-01,2012-05-06,0.0,1800.0,0.0,Conferencia Simposio Rap,Frente Cívico de la Provincia de Córdoba,8730.0,0.0,8730.0,2012,5.0
"GIUSTINIANI, Rubén Héctor",HSN 1547/2012,Estados Unidos,2012-05-01,2012-05-08,0.0,1800.0,0.0,Conferencia Simposio Rap,Partido Socialista,8730.0,0.0,8730.0,2012,7.0
"BIANCALANI, Fabio Dario",HSN 1427/2012,Alemania,2012-05-01,2012-05-08,0.0,0.0,2100.0,Mercosur,PJ Frente para la Victoria,0.0,13272.0,13272.0,2012,7.0
"MARINO, Juan",HSN 1692/2012,Ecuador,2012-05-15,2012-05-20,0.0,1200.0,0.0,Reunión Comisión Asuntos Políticos,Unión Cívica Radical,5352.0,0.0,5352.0,2012,5.0
"DÍAZ, María Rosa",HSN 1615/2012,Turquía,2012-05-22,2012-05-30,0.0,2100.0,0.0,CIPD,Nuevo Encuentro,9408.0,0.0,9408.0,2012,8.0
"CORREGIDO, Elena Mercedes",HSN 1615/2012,Turquía,2012-05-22,2012-05-30,0.0,2100.0,0.0,CIPD,PJ Frente para la Victoria,9408.0,0.0,9408.0,2012,8.0
"BERMEJO, Rolando",HSN 1748/2012,Chile,2012-05-22,2012-05-25,0.0,800.0,0.0,Seminario Internacional de Planificación Urbana,PJ Frente para la Victoria,3584.0000000000005,0.0,3584.0000000000005,2012,3.0
"NEGRE DE ALONSO, Liliana Teresita",HSN 1574/2012,España/Italia,2012-05-23,2012-06-03,0.0,0.0,3600.0,VII Encuentro Mundial de las Familias,Justicialista San Luis,0.0,20700.0,20700.0,2012,11.0
"FELLNER, Liliana",HSN 1761/2012,Panamá,2012-05-25,2012-05-31,0.0,1750.0,0.0,II Cumbre Cooperativa de las Américas,PJ Frente para la Victoria,8487.5,0.0,8487.5,2012,6.0
"BLAS, Inés Imelda",HSN 1761/2012,Panamá,2012-05-27,2012-06-04,0.0,1750.0,0.0,II Cumbre Cooperativa de las Américas,PJ Frente para la Victoria,8487.5,0.0,8487.5,2012,8.0
"HIGONET, María de los Ángeles",HSN 1761/2012,Panamá,2012-05-25,2012-05-31,0.0,1750.0,0.0,II Cumbre Cooperativa de las Américas,PJ La Pampa,8487.5,0.0,8487.5,2012,6.0
"LINARES, Jaime",HSN 1761/2012,Panamá,2012-05-28,2012-06-01,0.0,1000.0,0.0,II Cumbre Cooperativa de las Américas,Gen,4490.0,0.0,4490.0,2012,4.0
"RACHED, Emilio Alberto",HSN 1761/2012,Panamá,2012-05-27,2012-06-01,0.0,1250.0,0.0,II Cumbre Cooperativa de las Américas,Unión Cívica Radical,6062.5,0.0,6062.5,2012,5.0
"ESCUDERO, Sonia Margarita",HSN 2283/2012,Panamá,2012-05-29,2012-06-02,0.0,1250.0,0.0,II Cumbre Cooperativa de las Américas,Justicialista 8 de Octubre,5612.5,0.0,5612.5,2012,4.0
"CORRADI, Ana María",HSN 1815/2012,Suiza,2012-06-11,2012-06-17,9408.0,0.0,0.0,OIT,PJ Frente para la Victoria,0.0,0.0,9408.0,2012,6.0
"GIUSTINIANI, Rubén Héctor",HSN 1815/2012,Suiza,2012-06-11,2012-06-16,8064.0,0.0,0.0,OIT,Partido Socialista,0.0,0.0,8064.0,2012,5.0
LATORRE. Roxana,HSN 1815/2012,Suiza,2012-06-14,2012-06-26,17472.0,0.0,0.0,OIT,Federalismo Santafesino,0.0,0.0,17472.0,2012,12.0
"HIGONET, María de los Ángeles",HSN 2323/2012,México,2012-06-26,2012-07-03,4735.0,700.0,0.0,Misión Observación Electoral de la Confederación Parlamentraria (COPA),PJ La Pampa,3171.0,0.0,7906.0,2012,7.0
"ITURREZ DE CAPPELLINI, Ada Rosa del Valle",HSN 2227/2012,México,2012-06-28,2012-07-03,4050.0,600.0,0.0,Misión Observación Electoral de la Confederación Parlamentraria (COPA),Frente Cívico por Santiago,2718.0,0.0,6768.0,2012,5.0
"FELLNER, Liliana",HSN 2227/2012,México,2012-06-27,2012-07-03,4050.0,600.0,0.0,Misión Observación Electoral de la Confederación Parlamentraria (COPA),PJ Frente para la Victoria,2718.0,0.0,6768.0,2012,6.0
"DIAZ, María Rosa",HSN 2102/2012,Países Bajos,2012-06-25,2012-07-02,0.0,0.0,700.0,"Concurso Literario ""De Ana Frank a nuestros días""",Nuevo Encuentro,0.0,4018.0,4018.0,2012,7.0
"ARTAZA, Eugenio",HSN 2238/2012,Perú,2012-06-24,2012-06-27,1800.0,400.0,0.0,"Reuniones de las Comisiones Equidad, Género, Niñez y Juventud",Unión Cívica Radical,1940.0,0.0,3740.0,2012,3.0
"LOPEZ, Osvaldo Ramón",HSN 2238/2012,Perú,2012-06-23,2012-06-27,2250.0,500.0,0.0,"Reuniones de las Comisiones Equidad, Género, Niñez y Juventud",Nuevo Encuentro,2425.0,0.0,4675.0,2012,4.0
MONTERO Laura,HSN 2178/2012,Brasil,2012-06-18,2012-06-25,0.0,1750.0,0.0,Audiencia Pública Relaciones Comerciales Brasil-Argentina,Unión Cívica Radical,7892.5,0.0,7892.5,2012,7.0
"CORRADI, Ana María",HSN 2799/2012,México,2012-06-27,2012-07-04,4059.0,600.0,0.0,Misión Observación Electoral de la Confederación Parlamentraria (COPA),PJ Frente para la Victoria,2718.0,0.0,6777.0,2012,7.0
"LUNA, Teresa",HSN 2673/2012,Brasil,2012-06-19,2012-06-24,0.0,1250.0,0.0,ONU RIO+20,PJ Frente para la Victoria,5637.5,0.0,5637.5,2012,5.0
"RUIZ DIAZ, Elsa",HSN 2101/2012,Panamá,2012-06-17,2012-06-23,0.0,1750.0,0.0,Conferencia Interparlamentaria,PJ Frente para la Victoria,8487.5,0.0,8487.5,2012,6.0
"GIUSTINIANI, Rubén Héctor",HSN 1979/2012,Brasil,2012-06-19,2012-06-23,5600.0,0.0,0.0,ONU RIO+20,Partido Socialista,0.0,0.0,5600.0,2012,4.0
"MORANDINI, Norma",HSN 2103/2012,Brasil,2012-06-17,2012-06-24,0.0,750.0,0.0,ONU RIO+20,Frente Cívico de la Provincia de Córdoba,3637.5,0.0,3637.5,2012,7.0
"HIGONET, María de los Ángeles",HSN 2072/2012,Estados Unidos,2012-06-13,2012-06-17,0.0,1500.0,0.0,Comité Especial de Descolonización ONU,PJ La Pampa,6750.0,0.0,6750.0,2012,4.0
"DIAZ, María Rosa",HSN 2072/2012,Estados Unidos,2012-06-13,2012-06-17,0.0,1500.0,0.0,Comité Especial de Descolonización ONU,Nuevo Encuentro,6750.0,0.0,6750.0,2012,4.0
"ITURREZ DE CAPPELLINI, Ada Rosa del Valle",HSN 2072/2012,Estados Unidos,2012-06-13,2012-06-18,0.0,1500.0,0.0,Comité Especial de Descolonización ONU,Frente Cívico por Santiago,6750.0,0.0,6750.0,2012,5.0
"CABANCHIK, Samuel",HSN 2072/2012,Estados Unidos,2012-06-13,2012-06-17,0.0,1500.0,0.0,Comité Especial de Descolonización ONU,Coalición Cívica,6750.0,0.0,6750.0,2012,4.0
"ROLDAN, José",HSN 2072/2012,Estados Unidos,2012-06-13,2012-06-17,0.0,1500.0,0.0,Comité Especial de Descolonización ONU,Frente de Todos,6750.0,0.0,6750.0,2012,4.0
"RODRIGUEZ SAA, Adolfo",HSN 2072/2012,Estados Unidos,2012-06-13,2012-06-17,0.0,1500.0,0.0,Comité Especial de Descolonización ONU,Justicialista San Luis,6750.0,0.0,6750.0,2012,4.0
"COLAZO, Mario",HSN 2072/2012,Estados Unidos,2012-06-13,2012-06-17,0.0,1500.0,0.0,Comité Especial de Descolonización ONU,PJ Frente para la Victoria,6750.0,0.0,6750.0,2012,4.0
"GODOY, Ruperto",HSN 2072/2012,Estados Unidos,2012-06-13,2012-06-16,0.0,600.0,0.0,Comité Especial de Descolonización ONU,PJ Frente para la Victoria,2700.0,0.0,2700.0,2012,3.0
"LINARES, Jaime",HSN 2072/2012,Estados Unidos,2012-06-13,2012-06-16,0.0,1200.0,0.0,Comité Especial de Descolonización ONU,Gen,5400.0,0.0,5400.0,2012,3.0
"PICHETTO, Miguel Angel",HSN 2072/2012,Estados Unidos,2012-06-13,2012-06-20,0.0,2100.0,0.0,Comité Especial de Descolonización ONU,PJ Frente para la Victoria,9450.0,0.0,9450.0,2012,7.0
"FILMUS, Daniel",HSN 2072/2012,Estados Unidos,2012-06-13,2012-06-17,0.0,1500.0,0.0,Comité Especial de Descolonización ONU,PJ Frente para la Victoria,6750.0,0.0,6750.0,2012,4.0
"CIMADEVILLA, Mario",HSN 2135/2012,Ecuador,2012-07-03,2012-07-08,2694.0,600.0,0.0,Seminario Internacional de Energías Alternativas y Ambiente,Unión Cívica Radical,2724.0,0.0,5418.0,2012,5.0
"ROLDAN, José",HSN 2302/2012,Italia,2012-07-10,2012-07-20,7882.0,0.0,700.0,Coloquio Internacional entre la Diversidad Cultural y Bien Patrimonial,Frente de Todos,0.0,3990.0,11872.0,2012,10.0
"BORELLO, María Teresa",HSN 2674/2012,Panamá,2012-07-24,2012-07-30,0.0,1200.0,0.0,Parlatino,Unión Cívica Radical,5496.0,0.0,5496.0,2012,6.0
"LOPEZ, Osvaldo",HSN 2674/2012,Panamá,2012-07-21,2012-08-02,0.0,800.0,0.0,Parlatino,Nuevo Encuentro,3880.0,0.0,3880.0,2012,12.0
"RACHED, Emilio",HSN 2798/2012,Ecuador,2012-07-30,2012-08-04,0.0,800.0,0.0,Reunión Extraordinaria de la Comisión de Seguridad Ciudadana,Unión Cívica Radical,3672.0,0.0,3672.0,2012,5.0
"GODOY, Ruperto",HSN 3242/2012,Francia,2012-08-23,2012-08-28,0.0,0.0,1800.0,Estivales Citoyennes du Front de Gauche,PJ Frente para la Victoria,0.0,10440.0,10440.0,2012,5.0
"HIGONET, María de los Ángeles",HSN 3362/2012,Brasil,2012-08-28,2012-08-30,0.0,750.0,0.0,Parlatino,PJ La Pampa,3479.9999999999995,0.0,3479.9999999999995,2012,2.0
"ROLDAN, José",HSN 1678/2012,Estados Unidos,2012-09-15,2012-09-24,0.0,2100.0,0.0,Ecotourism and Sustainable Tourism Conference,Frente de Todos,10185.0,0.0,10185.0,2012,9.0
"CANO, José Manuel",HSN 3436/2012,Colombia,2012-09-02,2012-09-08,0.0,1200.0,0.0,Participación RAP,Unión Cívica Radical,5820.0,0.0,5820.0,2012,6.0
"MORANDINI, Norma",HSN 3572/2012,Uruguay,2012-09-26,2012-09-29,0.0,600.0,0.0,"Reunión de la Comisión de Educación, Cultura, Ciencia, Tecnología y Comunicación",Frente Cívico de la Provincia de Córdoba,2820.0,0.0,2820.0,2012,3.0
"BERMEJO, Rolando",HSN 3572/2012,Uruguay,2012-09-27,2012-09-29,0.0,600.0,0.0,"Reunión de la Comisión de Educación, Cultura, Ciencia, Tecnología y Comunicación",PJ Frente para la Victoria,2820.0,0.0,2820.0,2012,2.0
"BIANCALANI, Fabio Dario",HSN 3257/2012,República Dominicana,2012-09-16,2012-09-20,0.0,800.0,0.0,Encuentro de Presidentes y Cosecretarios de Parlamentos de Integración Regional de América Latina,PJ Frente para la Victoria,3880.0,0.0,3880.0,2012,4.0
"MORANDINI, Norma",HSN 3570/2012,Ecuador,2012-09-18,2012-09-23,0.0,400.0,0.0,Sesión Ordinaria del Parlamento Indígena de América,Frente Cívico de la Provincia de Córdoba,1872.0,0.0,1872.0,2012,5.0
"FERNANDEZ, Aníbal Domingo",HSN 2512/2012,Israel,2012-09-21,2012-09-29,0.0,2100.0,0.0,Visita oficial en representación del Honorable Senado al Estado de Israel,PJ Frente para la Victoria,9849.0,0.0,9849.0,2012,8.0
"FILMUS, Daniel",HSN-3573/2012,Canadá,2012-10-21,2012-10-26,0.0,2100.0,0.0,Asamblea de la Unión Interparlamentaria,PJ Frente para la Victoria,10185.0,0.0,10185.0,2012,5.0
"GIUSTINIANI, Rubén Héctor",HSN-3573/2012,Canadá,2012-10-16,2012-10-28,0.0,2100.0,0.0,Asamblea de la Unión Interparlamentaria,Partido Socialista,9954.0,0.0,9954.0,2012,12.0
"GIUSTINIANI, Rubén Héctor",HSN-4160/2012,México,2012-10-11,2012-10-15,0.0,1250.0,0.0,Reunión COPPAL,Partido Socialista,5912.500000000001,0.0,5912.500000000001,2012,4.0
"LATORRE, Roxana",HSN-3573/2012,Canadá,2012-10-14,2012-10-28,0.0,2100.0,0.0,Asamblea de la Unión Interparlamentaria,Federalismo Santafesino,10185.0,0.0,10185.0,2012,14.0
"ESCUDERO, Sonia Margarita",HSN-3573/2012,Canadá,2012-10-18,2012-10-28,0.0,2100.0,0.0,Asamblea de la Unión Interparlamentaria,Justicialista 8 de Octubre,9954.0,0.0,9954.0,2012,10.0
"IRRAZABAL, Juan Manuel",HSN-3830/2012,Canadá,2012-10-19,2012-10-23,0.0,1500.0,0.0,Asamblea Reuniones Conexas,PJ Frente para la Victoria,7125.0,0.0,7125.0,2012,4.0
"CORREGIDO, Elena",HSN 4025/2012,Venezuela,2012-10-05,2012-10-09,0.0,1250.0,0.0,Elección Presidencial Venezuela,PJ Frente para la Victoria,5900.0,0.0,5900.0,2012,4.0
"MORANDINI, Norma",HSN 4561/2012,Estados Unidos,2012-11-03,2012-11-10,0.0,2100.0,0.0,Diálogo Argentino Americano en el marco del próximo proceso electoral en dicho país,Frente Cívico de la Provincia de Córdoba,10185.0,0.0,10185.0,2012,7.0
"NIKISCH, Roy Abelardo",HSN 4561/2012,Estados Unidos,2012-11-03,2012-11-09,0.0,1800.0,0.0,Diálogo Argentino Americano en el marco del próximo proceso electoral en dicho país,Unión Cívica Radical,8730.0,0.0,8730.0,2012,6.0
"LOPEZ, Osvaldo",HSN 4159/2012,Estados Unidos,2012-11-01,2012-11-03,0.0,900.0,0.0,Diálogo Argentino Americano en el marco del próximo proceso electoral en dicho país,Frente Cívico de la Provincia de Córdoba,4302.0,0.0,4302.0,2012,2.0
"ESCUDERO, Sonia Margarita",HSN 4531/2012,España,2012-11-06,2012-11-12,0.0,0.0,2100.0,Eurolat,Justicialista 8 de Octubre,0.0,13272.0,13272.0,2012,6.0
"ROJKES DE ALPEROVICH, Beatriz",HSN 4520/2012,España,2012-11-07,2012-11-13,0.0,0.0,2100.0,Eurolat,PJ Frente para la Victoria,0.0,13020.0,13020.0,2012,6.0
"BIANCALANI, Fabio Dario",HSN 4531/2012,España,2012-11-07,2012-11-13,0.0,0.0,2100.0,Eurolat,PJ Frente para la Victoria,0.0,13020.0,13020.0,2012,6.0
"RODRIGUEZ SAA, Adolfo",HSN 4531/2012,España,2012-11-07,2012-11-14,0.0,0.0,2100.0,Eurolat,Justicialista San Luis,0.0,13020.0,13020.0,2012,7.0
"GODOY, Ruperto",HSN 4571/2012,Francia,2012-11-06,2012-11-13,0.0,0.0,2100.0,Jornada Diferencias y Similitudes Crisis Europea 2012 y Crisis Argentina 2001,PJ Frente para la Victoria,0.0,13272.0,13272.0,2012,7.0
"IRRAZABAL, Juan Manuel",HSN 4571/2012,Francia,2012-11-06,2012-11-13,0.0,0.0,2100.0,"Jornada Diferencias y Similitudes Crisis Europea 2012 y
Crisis Argentina 2001",PJ Frente para la Victoria,0.0,13272.0,13272.0,2012,7.0
"PERSICO, Daniel Raúl",HSN 4971/2012,Cuba,2012-11-30,2012-12-09,0.0,800.0,0.0,Coloquio Internacional por la Libertad de los Cinco,PJ Frente para la Victoria,3880.0,0.0,3880.0,2012,9.0
"CORRADI,  Ana María",HSN 5028/2012,México,2012-11-30,2012-12-05,0.0,1500.0,0.0,Reunión Confederación Parlamentaria de las Américas,PJ Frente para la Victoria,7274.999999999999,0.0,7274.999999999999,2012,5.0
"ITURREZ DE CAPPELLINI, Ada Rosa del Valle",HSN 5028/2012,México,2012-11-30,2012-12-05,0.0,1500.0,0.0,Reunión Confederación Parlamentaria de las Américas,Frente Cívico por Santiago,7274.999999999999,0.0,7274.999999999999,2012,5.0
"ESCUDERO, Sonia Margarita",HSN 5147/2012,Panamá,2012-11-30,2012-12-03,0.0,1000.0,0.0,Parlatino,Justicialista 8 de Octubre,4850.0,0.0,4850.0,2012,3.0
"HIGONET, María de los Ángeles",HSN 5147/2012,Panamá,2012-11-30,2012-12-03,0.0,1000.0,0.0,Parlatino,PJ La Pampa,4850.0,0.0,4850.0,2012,3.0
"CORREGIDO, Elena Mercedes",HSN 4851/2012,Italia,2012-12-06,2012-12-12,0.0,0.0,2100.0,Asamblea Consultiva de Parlamentarios para la Corte Penal Internacional y el Estado de Derecho,PJ Frente para la Victoria,0.0,13272.0,13272.0,2012,6.0
"GONZALEZ, Pablo Gerardo",HSN 4851/2012,Italia,2012-12-06,2012-12-12,0.0,0.0,2100.0,Asamblea Consultiva de Parlamentarios para la Corte Penal Internacional y el Estado de Derecho,PJ Frente para la Victoria,0.0,13272.0,13272.0,2012,6.0
"FERNANDEZ, Aníbal Domingo",HSN 5279/2012,Suecia,2012-12-10,2012-12-14,0.0,0.0,1500.0,XXVI Confederación Mundial de ILGA,PJ Frente para la Victoria,0.0,9480.0,9480.0,2012,4.0
"ROLDAN, José María",6091/2014,España,2015-01-26,2015-02-06,0.0,0.0,2100.0,Feria Internacional de Turismo FITUR /2015,Frente de Todos,0.0,21630.0,21630.0,2015,11.0
"CREXELL, Carmen Lucila",6214/2014,Estados Unidos,2015-01-31,2015-02-08,0.0,1200.0,0.0,Sesión Anual Jóvenes Parlamentarios Globales ONU,Movimiento Popular Neuquino,11628.0,0.0,11628.0,2015,8.0
"URTUBEY, Rodolfo",6201/ 2014,Chile,2015-01-15,2015-01-17,5133.0,0.0,0.0,IV Congreso del Futuro (Las encrucijadas del siglo XXI),PJ Frente para la Victoria,0.0,0.0,5133.0,2015,2.0
"CIMADEVILLA, Mario",83/2015,Estados Unidos,2015-02-09,2015-02-15,0.0,1200.0,0.0,Reuniones referidas a Seguridad,Unión Cívica Radical,10397.999999999998,0.0,10397.999999999998,2015,6.0
"IRRAZABAL, Juan Manuel",96/2015,Grecia,2015-01-21,2015-01-28,0.0,0.0,2100.0,Seminario Europeo Latinoamericano Oportunidades de Futuro,PJ Frente para la Victoria,0.0,22470.0,22470.0,2015,7.0
"GODOY, Ruperto",141/2015,Bolivia,2015-01-21,2015-01-24,6884.0,0.0,0.0,"Comitiva representantiva del HSN por traspaso de mando
presidencial",PJ Frente para la Victoria,0.0,0.0,6884.0,2015,3.0
"CREXELL, Carmen Lucila",5818/2014,España/Reino Unido de Gran Bretaña,2015-02-19,2015-03-01,0.0,0.0,2100.0,Congreso Internacional / Reuniones pautadas por Cancillería,Movimiento Popular Neuquino,0.0,21525.0,21525.0,2015,10.0
"FELLNER, Liliana",349/2015,Panamá,2015-02-05,2015-02-08,0.0,750.0,0.0,Reunión Parlamento Latinoamericano,PJ Frente para la Victoria,6495.0,0.0,6495.0,2015,3.0
"BERMEJO, Rolando",388/2015,Chile,2015-02-05,2015-02-09,6928.0,0.0,0.0,IX Feria Internacional de Papudo,PJ Frente para la Victoria,0.0,0.0,6928.0,2015,4.0
"FELLNER, Liliana",914/2015,Panamá,2015-03-15,2015-03-17,0.0,750.0,0.0,Reunión de las Comisiones Parlamentarias (EUROLAT),PJ Frente para la Victoria,7267.5,0.0,7267.5,2015,2.0
"HIGONET, María de los Ángeles",914 /2015,Panamá,2015-03-16,2015-03-19,0.0,750.0,0.0,Reunión de las Comisiones Parlamentarias (EUROLAT),PJ La Pampa,6588.75,0.0,6588.75,2015,3.0
"CASTILLO, Oscar",912 /2015,Corea del Sur,2015-04-16,2015-05-01,0.0,2100.0,0.0,VII World Water Forum,Frente Cívico y Social de Catamarca,18627.0,0.0,18627.0,2015,15.0
"ABAL MEDINA, Juan",1428 /2015,Ecuador,2015-04-09,2015-04-11,0.0,600.0,0.0,Mesa de Diálogo Parlamento Latinoamericano,PJ Frente para la Victoria,5307.0,0.0,5307.0,2015,2.0
"AGUIRRE DE SORIA, Hilda",1426 /2015,Panamá,2015-04-08,2015-04-13,0.0,1000.0,0.0,Reunión Comisión de Parlamento Latinoamericano,PJ Frente para la Victoria,8840.0,0.0,8840.0,2015,5.0
"GODOY, Ruperto",1426 /2015,Panamá,2015-04-10,2015-04-12,0.0,750.0,0.0,Reunión Comisión de Parlamento Latinoamericano,PJ Frente para la Victoria,6637.5,0.0,6637.5,2015,2.0
"NEGRE DE ALONSO, Liliana",1522 /2015,Armenia,2015-04-19,2015-04-25,0.0,1800.0,0.0,Foro Global y Político en contra del Genocidio,Justicialista San Luis,17442.0,0.0,17442.0,2015,6.0
"GIUSTINIANI, Rubén",1522 /2015,Armenia,2015-04-20,2015-05-02,0.0,2100.0,0.0,Foro Global y Político en contra del Genocidio,Partido Socialista,18637.5,0.0,18637.5,2015,12.0
"ITURREZ DE CAPELLINI, Ada Hilda",1552 /2015,Puerto Rico,2015-04-16,2015-04-21,0.0,1000.0,0.0,XXIX Reunión de la Conf. Parlamentaria de las Américas,Frente Cívico por Santiago,8870.0,0.0,8870.0,2015,5.0
"DE LA ROSA, María",1714 /2015,Colombia,2015-04-22,2015-04-27,0.0,1000.0,0.0,"III Encuentro de Planificación del Frente Parlamentario contra el
Hambre",PJ Frente para la Victoria,8880.0,0.0,8880.0,2015,5.0
"ABAL MEDINA, Juan Manuel",1742 /2015,México,2015-04-28,2015-04-30,0.0,750.0,0.0,Seminario Reforma Política del Estado Mexicano,PJ Frente para la Victoria,6675.0,0.0,6675.0,2015,2.0
"SOLANAS, Fernando",1829 /2015,Italia,2015-04-25,2015-05-01,0.0,0.0,1800.0,Cumbre de las Academias Pontificias de Ciencias Sociales,Proyecto Sur Unen,0.0,20250.0,20250.0,2015,6.0
"CREXELL, Carmen Lucila",1813 /2015,Japón/Bélgica,2015-05-21,2015-06-07,0.0,1500.0,600.0,"Conferencia Mundial de Jóvenes Parlamentarios (UIP) y VIII
Sesión Plenaria Ordinaria de la Asamblea Parlamentaria",Movimiento Popular Neuquino,13455.000000000002,6270.0,19725.0,2015,17.0
"FELLNER, Liliana",1977 /2015,Panamá,2015-05-03,2015-05-05,0.0,750.0,0.0,Reunión previa XXX Asamblea Parlamento Latinoamericano,PJ Frente para la Victoria,7267.5,0.0,7267.5,2015,2.0
"MARTINEZ, Alfredo",2273 /2015,Chile,2015-05-14,2015-05-16,3574.0,0.0,0.0,IXX Reunión Parlamentaria Bicameral Argento/Chilena,Unión Cívica Radical,0.0,0.0,3574.0,2015,2.0
"MAYANS, José Miguel",2236 /2015,Uruguay,2015-05-18,2015-05-20,5361.0,0.0,0.0,Reunión Mesa Directiva Parlamento del MERCOSUR,PJ Frente para la Victoria,0.0,0.0,5361.0,2015,2.0
"LABADO, María",2089 /2015,Panamá,2015-05-14,2015-05-18,0.0,750.0,0.0,XXX Asamblea ordinaria del Parlamento Latinoamericano,PJ Frente para la Victoria,6708.75,0.0,6708.75,2015,4.0
"NEGRE DE ALONSO, Liliana",2089 /2015,Panamá,2015-05-13,2015-05-15,0.0,750.0,0.0,IXX Reunión Parlamentaria Bicameral Argento/Chilena,Justicialista San Luis,6708.75,0.0,6708.75,2015,2.0
"HIGONET, María de los Ángeles",2132 /2015,Letonia,2015-05-13,2015-05-18,0.0,0.0,1500.0,Reunión EUROLAT,PJ La Pampa,0.0,15674.999999999998,15674.999999999998,2015,5.0
"CIMADEVILLA, Mario",2178 /2015,Estados Unidos,2015-05-12,2015-05-17,0.0,1500.0,0.0,Comisión de Valores de los Estados Unidos,Unión Cívica Radical,13410.0,0.0,13410.0,2015,5.0
"RIOFRIO, Marina",2273 /2015,Chile,2015-05-15,2015-05-15,1787.0,0.0,0.0,IXX Reunión Parlamentaria Bicameral Argento/Chilena,PJ Frente para la Victoria,0.0,0.0,1787.0,2015,0.0
"ABAL MEDINA, Juan Manuel",2537 /2015,Brasil,2015-05-31,2015-06-01,4495.0,0.0,0.0,"Encuentro con el presidente del PT y con la secretaria de
Relaciones Internacionales",PJ Frente para la Victoria,0.0,0.0,4495.0,2015,1.0
"FELLNER, Liliana",2048 /2015,Panamá,2015-05-14,2015-05-19,0.0,1500.0,0.0,XXX Asamblea ordinaria del Parlamento Latinoamericano,PJ Frente para la Victoria,13417.5,0.0,13417.5,2015,5.0
"KUNATH, Sigrid",2048 /2015,Panamá,2015-05-14,2015-05-18,0.0,1000.0,0.0,XXX Asamblea ordinaria del Parlamento Latinoamericano,PJ Frente para la Victoria,8945.0,0.0,8945.0,2015,4.0
"PERSICO, Daniel",2048 /2015,Panamá,2015-05-14,2015-05-18,0.0,1000.0,0.0,XXX Asamblea ordinaria del Parlamento Latinoamericano,PJ Frente para la Victoria,8945.0,0.0,8945.0,2015,4.0
"ROZAS, Ángel",2177 /2015,Sudáfrica,2015-06-03,2015-06-16,0.0,2100.0,0.0,XXVII Sesiones ordinarias del Consejo Ejecutivo Unión Africana,Unión Cívica Radical,18921.0,0.0,18921.0,2015,13.0
"FELLNER, Liliana",2595 /2015,Cuba,2015-06-04,2015-06-10,0.0,1400.0,0.0,Reunión Comisión de Salud PARLATINO,PJ Frente para la Victoria,12621.0,0.0,12621.0,2015,6.0
"PERSICO, Daniel",2595 /2015,Cuba,2015-06-04,2015-06-09,0.0,1000.0,0.0,Reunión Comisión de Salud PARLATINO,PJ Frente para la Victoria,9015.0,0.0,9015.0,2015,5.0
"LABADO, María Ester",2595 /2015,Cuba,2015-06-04,2015-06-10,0.0,1400.0,0.0,Reunión Comisión de Salud PARLATINO,PJ Frente para la Victoria,12621.0,0.0,12621.0,2015,6.0
"DE LA ROSA, María",2832 /2015,Francia,2015-06-15,2015-06-19,0.0,0.0,1200.0,"Comisión Bicameral Especial Investigadora Instrumentos
Bancarios y Financieros",PJ Frente para la Victoria,0.0,12660.0,12660.0,2015,4.0
"GONZALEZ, Pablo",2832 /2015,Francia,2015-06-15,2015-06-19,0.0,0.0,1200.0,"Comisión Bicameral Especial Investigadora Instrumentos
Bancarios y Financieros",PJ Frente para la Victoria,0.0,12660.0,12660.0,2015,4.0
"GIUSTINIANI, Rubén",3039 /2015,Estados Unidos,2015-06-23,2015-07-02,0.0,2100.0,0.0,Comité de Descolonización de la ONU,Partido Socialista,19036.5,0.0,19036.5,2015,9.0
"ROZAS, Ángel",3039 /2015,Estados Unidos,2015-06-23,2015-06-30,0.0,2100.0,0.0,Comité de Descolonización de la ONU,Unión Cívica Radical,19036.5,0.0,19036.5,2015,7.0
"MORANDINI, Norma",3063 /2015,México,2015-06-21,2015-06-29,0.0,1250.0,0.0,Parlatino,Frente Cívico de la Provincia de Córdoba,12112.5,0.0,12112.5,2015,8.0
"LEGUIZAMON, María Laura",3313 /2015,Estados Unidos,2015-06-23,2015-06-30,0.0,2100.0,0.0,Global Compact +15,PJ Frente para la Victoria,19036.5,0.0,19036.5,2015,7.0
"HIGONET, María de los Ángeles",2302 /2015,Suiza,2015-06-02,2015-06-10,0.0,0.0,2100.0,OIT,PJ La Pampa,0.0,21945.0,21945.0,2015,8.0
"RIOFRIO, Marina",2302 /2015,Suiza,2015-06-10,2015-06-18,0.0,0.0,2100.0,OIT,PJ Frente para la Victoria,0.0,22155.0,22155.0,2015,8.0
"DE LA ROSA, María",2302 /2015,Suiza,,,0.0,0.0,0.0,OIT,PJ Frente para la Victoria,0.0,0.0,0.0,2015,
"GONZALEZ, Pablo",2302 /2015,Suiza,2015-06-03,2015-06-11,0.0,0.0,2100.0,OIT,PJ Frente para la Victoria,0.0,21945.0,21945.0,2015,8.0
"GIUSTINIANI, Rubén",2302 /2015,Suiza,2015-06-07,2015-06-12,0.0,0.0,1500.0,OIT,Partido Socialista,0.0,16875.0,16875.0,2015,5.0
"NEGRE DE ALONSO, Liliana",2302 /2015,Suiza,2015-06-07,2015-06-12,0.0,0.0,1500.0,OIT,Justicialista San Luis,0.0,16875.0,16875.0,2015,5.0
"ABAL MEDINA, Juan Manuel",3128 /2015,Rusia,2015-07-05,2015-07-11,0.0,1800.0,0.0,Consejo de la Federación de la Asamblea Federal,PJ Frente para la Victoria,17442.0,0.0,17442.0,2015,6.0
"ITURREZ  DE CAPPELLINIi, Ada Hilda",3229 /2015,Paraguay,2015-07-09,2015-07-13,9075.0,0.0,0.0,Visita del papa a la república del Paraguay,Frente Cívico por Santiago,0.0,0.0,9075.0,2015,4.0
"CABRAL, Salvador",3453 /2015,Brasil,2015-07-13,2015-07-18,13687.0,0.0,0.0,MERCOSUR,PJ Frente para la Victoria,0.0,0.0,13687.0,2015,5.0
"KUNATH, Sigrid",3615 /2015,Panamá,2015-07-30,2015-08-01,0.0,750.0,0.0,Parlatino,PJ Frente para la Victoria,6892.5,0.0,6892.5,2015,2.0
"FELLNER, Liliana",3615 /2015,Panamá,2015-07-28,2015-08-01,0.0,1000.0,0.0,Parlatino,PJ Frente para la Victoria,9180.0,0.0,9180.0,2015,4.0
"FELLNER, Liliana",4139 /2015,Bolivia,2015-08-12,2015-08-15,7376.0,0.0,0.0,Parlatino,PJ Frente para la Victoria,0.0,0.0,7376.0,2015,3.0
"DE LA ROSA, María",4138 /2015,México,2015-08-12,2015-08-16,0.0,1000.0,0.0,Foro Internacional para Fortalecer la Agricultura Familiar,PJ Frente para la Victoria,9235.0,0.0,9235.0,2015,4.0
"MORANDINI, Norma",4239 /2015,Brasil,2015-08-17,2015-08-22,11550.0,0.0,0.0,Parlatino,Frente Cívico de la Provincia de Córdoba,0.0,0.0,11550.0,2015,5.0
"HIGONET, María de los Ángeles",4239 /2015,Brasil,2015-08-18,2015-08-22,9240.0,0.0,0.0,Parlatino,PJ La Pampa,0.0,0.0,9240.0,2015,4.0
"GARCIA LARRABURU, Silvina
Marcela",4251 /2015,Estados Unidos,2015-08-29,2015-09-05,0.0,1800.0,0.0,Conferencia Mundial de Presidentes de Parlamento,PJ Frente para la Victoria,17442.0,0.0,17442.0,2015,7.0
"URTUBEY, Rodolfo Julio",4251 /2015,Estados Unidos,2015-08-29,2015-09-05,0.0,1800.0,0.0,Conferencia Mundial de Presidentes de Parlamento,PJ Frente para la Victoria,17442.0,0.0,17442.0,2015,7.0
"RIOFRIO, Marina Raquel",4251 /2015,Estados Unidos,2015-08-30,2015-09-03,0.0,0.0,0.0,Conferencia Mundial de Presidentes de Parlamento,PJ Frente para la Victoria,0.0,0.0,0.0,2015,4.0
"MONTERO, Laura Gisela",4136 /2015,Uruguay,2015-08-17,2015-08-18,0.0,0.0,0.0,Mercosur,Unión Cívica Radical,0.0,0.0,0.0,2015,1.0
"PILATTI VERGARA, María Inés",4136 /2015,Uruguay,2015-08-17,2015-08-18,3692.0,0.0,0.0,Mercosur,PJ Frente para la Victoria,0.0,0.0,3692.0,2015,1.0
"ROZAS, Ángel",4136 /2015,Uruguay,2015-08-14,2015-08-18,9230.0,0.0,0.0,Mercosur,Unión Cívica Radical,0.0,0.0,9230.0,2015,4.0
"CASTILLO, Oscar Aníbal",4136 /2015,Uruguay,2015-08-16,2015-08-17,3692.0,0.0,0.0,Mercosur,Frente Cívico y Social de Catamarca,0.0,0.0,3692.0,2015,1.0
"RODRIGUEZ SAA, Adolfo",4136 /2015,Uruguay,2015-08-16,2015-08-17,3692.0,0.0,0.0,Mercosur,Justicialista San Luis,0.0,0.0,3692.0,2015,1.0
"GIMENEZ, Sandra Daniela",4136 /2015,Uruguay,2015-08-17,2015-08-17,1846.0,0.0,0.0,Mercosur,PJ Frente para la Victoria,0.0,0.0,1846.0,2015,0.0
"MAYANS, José Miguel Ángel",4136 /2015,Uruguay,2015-08-14,2015-08-18,9230.0,0.0,0.0,Mercosur,PJ Frente para la Victoria,0.0,0.0,9230.0,2015,4.0
"ODARDA, María Magdalena",4374 /2015,Chile,2015-08-24,2015-08-25,1852.0,0.0,0.0,Encuentro con el superintendente de Valores y Seguros,Frente Progresista CCARI,0.0,0.0,1852.0,2015,1.0
"CIMADEVILLA, Mario",4310 /2015,Estados Unidos,2015-08-30,2015-09-06,0.0,1800.0,0.0,Conferencia Mundial de Presidentes de Parlamento,Unión Cívica Radical,17442.0,0.0,17442.0,2015,7.0
"AGUIRRE DE SORIA, Hilda",4508 /2015,Colombia,2015-09-01,2015-09-07,0.0,600.0,0.0,Parlatino,PJ Frente para la Victoria,5583.0,0.0,5583.0,2015,6.0
"CREXELL, Carmen Lucila",3988 /2015,Rusia,2015-09-21,2015-09-28,0.0,1200.0,0.0,Foro Euroasiático de Mujeres,Movimiento Popular Neuquino,11268.0,0.0,11268.0,2015,7.0
"ITURREZ DE CAPPELLINI, Ada Hilda",4611 /2015,México,2015-09-09,2015-09-13,0.0,1000.0,0.0,COPA y Reunión Anual de la Red de Mujeres Parlamentarias de las Américas,Frente Cívico por Santiago,9350.0,0.0,9350.0,2015,4.0
"HIGONET, María de los Ángeles",4611 /2015,México/Panamá,2015-09-08,2015-09-16,0.0,1750.0,0.0,"COPA y Reunión Anual de la Red de Mujeres Parlamentarias de
las Américas",PJ La Pampa,16362.5,0.0,16362.5,2015,8.0
"BERMEJO, Rolando",4228 /2015,Estados Unidos,2015-09-10,2015-09-16,0.0,2100.0,0.0,"Segunda fase del plan estratégico para calles sostenibles e
iluminación verde",PJ Frente para la Victoria,19645.5,0.0,19645.5,2015,6.0
"MONTERO, Laura Gisela",TRI-2677/15,Uruguay,2015-09-20,2015-09-22,0.0,0.0,0.0,Mercosur,Unión Cívica Radical,0.0,0.0,0.0,2015,2.0
"RODRIGUEZ SAA, Adolfo",4750 /2015,Uruguay,2015-09-20,2015-09-21,3746.0,0.0,0.0,Mercosur,Justicialista San Luis,0.0,0.0,3746.0,2015,1.0
"MAYANS, José Miguel Ángel",4750 /2015,Uruguay,2015-09-20,2015-09-22,5619.0,0.0,0.0,Mercosur,PJ Frente para la Victoria,0.0,0.0,5619.0,2015,2.0
"PILATTI VERGARA, María Ines",4705 /2015,México,2015-09-24,2015-09-28,0.0,1000.0,0.0,Parlatino,PJ Frente para la Victoria,9410.0,0.0,9410.0,2015,4.0
"DE LA ROSA, María Graciela",4705 /2015,México,2015-09-23,2015-09-27,0.0,1000.0,0.0,Parlatino,PJ Frente para la Victoria,9400.0,0.0,9400.0,2015,4.0
"URTUBEY, Rodolfo Julio",4705 /2015,México,,,0.0,0.0,0.0,Parlatino,PJ Frente para la Victoria,0.0,0.0,0.0,2015,
"NEGRE DE ALONSO, Liliana",4705 /2015,México,2015-09-23,2015-09-27,0.0,1000.0,0.0,Parlatino,Justicialista San Luis,9400.0,0.0,9400.0,2015,4.0
"PERSICO, Daniel Raúl",4705 /2015,México,2015-09-24,2015-09-28,0.0,1000.0,0.0,Parlatino,PJ Frente para la Victoria,9410.0,0.0,9410.0,2015,4.0
"HIGONET, María de los Ángeles",4849  /2015,Rusia/Reino Unido de Gran Bretaña,2015-09-22,2015-09-29,0.0,2100.0,0.0,Foro Euroasiático de Mujeres,PJ La Pampa,19729.5,0.0,19729.5,2015,7.0
"AGUILAR, Eduardo",4952 /2015,Estados Unidos,2015-09-24,2015-10-01,0.0,1800.0,0.0,Integrar Comitiva Oficial,PJ Frente para la Victoria,16938.0,0.0,16938.0,2015,7.0
"FELLNER, Liliana",4919 /2015,Guayana,2015-09-29,2015-10-01,0.0,0.0,900.0,Lanzamiento de ARSAT-2,PJ Frente para la Victoria,0.0,10125.0,10125.0,2015,2.0
"PICHETTO, Miguel  Ángel",4919 /2015,Guayana,2015-09-29,2015-10-01,0.0,0.0,900.0,Lanzamiento de ARSAT-2,PJ Frente para la Victoria,0.0,10125.0,10125.0,2015,2.0
"FUENTES, Marcelo",4956 /2015,República Checa,2015-08-09,2015-08-19,0.0,0.0,1200.0,"Asamblea de Parlamentarios por la No Proliferación y el Desarme
Nuclear",PJ Frente para la Victoria,0.0,13500.0,13500.0,2015,10.0
"MORANDINI, Norma Elena",4918 /2015,Portugal,2015-10-02,2015-10-13,0.0,0.0,1200.0,Congreso Mundial de Educación,Frente Cívico de la Provincia de Córdoba,0.0,13500.0,13500.0,2015,11.0
"BORELLO, Marta Teresita",4918 /2015,Portugal,2015-10-07,2015-10-17,0.0,0.0,1500.0,Congreso Mundial de Educación,Unión Cívica Radical,0.0,16875.0,16875.0,2015,10.0
"MONLLAU, Blanca María",4918 /2015,Portugal,2015-10-07,2015-10-17,0.0,0.0,1500.0,Congreso Mundial de Educación,Frente Cívico y Social de Catamarca,0.0,16875.0,16875.0,2015,10.0
"GIUSTINIANI, Rubén",4795 /2015,Suiza,2015-09-28,2015-10-19,0.0,0.0,2100.0,"Asamblea de la Unión Interparlamentaria y reunión de la
Asociación de los Secretarios Generales de los Parlamentos",Partido Socialista,0.0,23625.0,23625.0,2015,21.0
"LATORRE, Roxana",4795 /2015,Suiza,2015-10-08,2015-10-19,0.0,0.0,2100.0,"Asamblea de la Unión Interparlamentaria y reunión de la
Asociación de los Secretarios Generales de los Parlamentos",Federalismo Santafesino,0.0,23625.0,23625.0,2015,11.0
"URTUBEY, Rodolfo Julio",4795 /2015,Suiza,2015-10-15,2015-10-19,0.0,0.0,1200.0,"Asamblea de la Unión Interparlamentaria y reunión de la
Asociación de los Secretarios Generales de los Parlamentos",PJ Frente para la Victoria,0.0,13500.0,13500.0,2015,4.0
"CREXELL, Carmen Lucila",4795 /2015,Suiza,2015-10-15,2015-10-23,0.0,0.0,2100.0,"Asamblea de la Unión Interparlamentaria y reunión de la
Asociación de los Secretarios Generales de los Parlamentos",Movimiento Popular Neuquino,0.0,23625.0,23625.0,2015,8.0
"HIGONET, María de los Ángeles",5306 /2015,"República
Checa/Suiza",2015-10-13,2015-10-20,0.0,0.0,2100.0,"Asamblea de Parlamentarios por la No Proliferación y el Desarme
Nuclear",PJ La Pampa,0.0,23625.0,23625.0,2015,7.0
"FELLNER, Liliana Beatriz",5452 /2015,Panamá,2015-10-29,2015-11-01,0.0,1000.0,0.0,Parlatino,PJ Frente para la Victoria,9550.0,0.0,9550.0,2015,3.0
"ITURREZ DE CAPPELLINI, Ada Hilda",5453 /2015,Aruba,2015-10-29,2015-11-03,0.0,1000.0,0.0,Parlatino,Frente Cívico por Santiago,9550.0,0.0,9550.0,2015,5.0
"BOYADJIAN, Miriam Ruth",5453 /2015,Aruba,2015-10-29,2015-11-05,0.0,1000.0,0.0,Parlatino,Movimiento Popular Fueguino,9550.0,0.0,9550.0,2015,7.0
"IRRAZABAL, Juan Manuel",5454/2015,Francia,,,0.0,0.0,0.0,Cumbre Internacionalista Plan B,PJ Frente para la Victoria,0.0,0.0,0.0,2015,
"HIGONET, María de los Ángeles",5830/2015,Panamá,2015-11-27,2015-12-01,0.0,1000.0,0.0,Parlatino,PJ La Pampa,9690.0,0.0,9690.0,2015,4.0
"FELLNER, Liliana Beatriz",5830/2015,Panamá,2015-11-26,2015-11-29,0.0,1000.0,0.0,Parlatino,PJ Frente para la Victoria,9690.0,0.0,9690.0,2015,3.0
"ITURREZ DE CAPPELLINI, Ada Rosa
del Valle",5830/2015,Panamá,2015-11-26,2015-11-30,0.0,1000.0,0.0,Parlatino,Frente Cívico por Santiago,9690.0,0.0,9690.0,2015,4.0
"BOYADJIAN, Miriam Ruth",5830/2015,Panamá,2015-11-26,2015-11-30,0.0,1000.0,0.0,Parlatino,Movimiento Popular Fueguino,9690.0,0.0,9690.0,2015,4.0
"BERTONE, Rosana Andrea",5830/2015,Panamá,2015-11-26,2015-11-29,0.0,1000.0,0.0,Parlatino,PJ Frente para la Victoria,9690.0,0.0,9690.0,2015,3.0
"CREXELL, Carmen Lucila",5458/2015,Francia,2015-11-30,2015-12-11,0.0,0.0,2100.0,ONU,Movimiento Popular Neuquino,0.0,23625.0,23625.0,2015,11.0
"SOLANAS, Fernando Ezequiel",5458/2015,Francia,2015-12-02,2015-12-13,0.0,0.0,2100.0,ONU,Proyecto Sur Unen,0.0,23625.0,23625.0,2015,11.0
"PINEDO, Federico",211/2016,Estados Unidos,2016-02-05,2016-02-11,0.0,1500.0,0.0,ONU,Frente Pro,21675.0,0.0,21675.0,2016,6.0
"URTUBEY, Rodolfo Julio",211/2016,Estados Unidos,2016-02-06,2016-02-10,0.0,1200.0,0.0,ONU,PJ Frente para la Victoria,19260.0,0.0,19260.0,2016,4.0
"FELLNER, Liliana Beatriz",370/2016,Panamá,2016-02-12,2016-02-15,0.0,750.0,0.0,Parlatino,PJ Frente para la Victoria,11175.0,0.0,11175.0,2016,3.0
"CREXELL, Carmen Lucila",426/2016,Reino Unido de Gran Bretaña,2016-03-14,2016-03-17,0.0,0.0,2100.0,Conferencia Parlamentaria Internacional,Movimiento Popular Neuquino,0.0,37695.0,37695.0,2016,3.0
"URTUBEY, Rodolfo Julio",1388/2016,Estados Unidos,2016-04-17,2016-04-24,0.0,1500.0,0.0,ONU,PJ Frente para la Victoria,24075.0,0.0,24075.0,2016,7.0
"PEROTTI, Omar Ángel",1398/2016,Estados Unidos,2016-04-22,2016-04-24,0.0,900.0,0.0,Conferencia Master Argentina,PJ Frente para la Victoria,13140.0,0.0,13140.0,2016,2.0
"PINEDO, Federico",1679/2016,Chile,2016-04-22,2016-04-22,0.0,0.0,0.0,Funeral expresidente Chile,Frente Pro,0.0,0.0,0.0,2016,0.0
"MIRKIN, Beatriz Graciela",1688/2016,México,2016-04-29,2016-05-09,0.0,1250.0,0.0,Congreso Nacional de Peatones,PJ Frente para la Victoria,18125.0,0.0,18125.0,2016,10.0
"FELLNER, Liliana Beatriz",1387/2016,Panamá,2016-04-07,2016-04-09,0.0,1000.0,0.0,Parlatino,PJ Frente para la Victoria,14700.0,0.0,14700.0,2016,2.0
"RODRÍGUEZ SAÁ, Adolfo",1897/2016,Portugal,2016-05-14,2016-05-19,0.0,0.0,1500.0,Eurolat,Justicialista San Luis,0.0,26550.0,26550.0,2016,5.0
"PEROTTI, Omar Ángel",1897/2016,Portugal,2016-05-12,2016-05-19,0.0,0.0,1500.0,Eurolat,PJ Frente para la Victoria,0.0,25800.0,25800.0,2016,7.0
"ROZAS, Ángel",1897/2016,Portugal,2016-05-12,2016-05-20,0.0,0.0,2100.0,Eurolat,Unión Cívica Radical,0.0,36120.0,36120.0,2016,8.0
"MERA, Dalmacio Enrique",1981/2016,Reino Unido de Gran Bretaña/Italia,2016-05-19,2016-06-01,0.0,0.0,2100.0,Audiencia con el Papa y reuniones varias,PJ Frente para la Victoria,0.0,36120.0,36120.0,2016,13.0
"ITÚRREZ de CAPPELLINI, Ada Rosa Del Valle",2097/2016,Ecuador,2016-06-01,2016-06-05,0.0,800.0,0.0,Encuentro Anual Mujeres Parlamericas,PJ Frente para la Victoria,11360.0,0.0,11360.0,2016,4.0
"DURANGO, Norma Haydée",2097/2016,Ecuador,2016-06-01,2016-06-06,0.0,1000.0,0.0,Encuentro Anual Mujeres Parlamericas,PJ La Pampa,14200.0,0.0,14200.0,2016,5.0
"RIOFRÍO, Marina Raquel",2097/2016,Ecuador,2016-06-01,2016-06-06,0.0,1000.0,0.0,Encuentro Anual Mujeres Parlamericas,PJ Frente para la Victoria,14200.0,0.0,14200.0,2016,5.0
"BOYADJIAN, Miriam Ruth",2097/2016,Ecuador,2016-06-01,2016-06-05,0.0,800.0,0.0,Encuentro Anual Mujeres Parlamericas,Movimiento Popular Fueguino,11360.0,0.0,11360.0,2016,4.0
"PINEDO, Federico",2261/2016,Reino Unido de Gran Bretaña/Irlanda,2016-06-03,2016-06-13,0.0,0.0,2100.0,Encuentro All Party Parlamentary Group,Frente Pro,0.0,36120.0,36120.0,2016,10.0
"LOVERA, Daniel Aníbal",2132/2016,Suiza,2016-06-06,2016-06-15,0.0,0.0,2100.0,OIT,PJ La Pampa,0.0,36120.0,36120.0,2016,9.0
"GIACOPPO, Silvia Del Rosario",2132/2016,Suiza,2016-06-06,2016-06-11,0.0,0.0,1500.0,OIT,Unión Cívica Radical,0.0,25800.0,25800.0,2016,5.0
"NEGRE DE ALONSO, Liliana",2132/2016,Suiza,2016-06-06,2016-06-11,0.0,0.0,1500.0,OIT,Justicialista San Luis,0.0,25800.0,25800.0,2016,5.0
"PAIS, Juan Mario",2132/2016,Suiza,2016-06-06,2016-06-11,0.0,0.0,1500.0,OIT,PJ Frente para la Victoria,0.0,25800.0,25800.0,2016,5.0
"CREXELL, Carmen Lucila",2261/2016,Reino Unido de Gran Bretaña/Irlanda,2016-06-05,2016-06-11,0.0,0.0,1500.0,Encuentro All Party Parlamentary Group,Movimiento Popular Neuquino,0.0,26550.0,26550.0,2016,6.0
"ESPINOLA, Carlos",2261/2016,Reino Unido de Gran Bretaña/Irlanda,2016-06-06,2016-06-09,0.0,0.0,900.0,Encuentro All Party Parlamentary Group,PJ Frente para la Victoria,0.0,15480.0,15480.0,2016,3.0
"AGOSTINI, Marta Lucía",2438/2016,Cuba,2016-06-16,2016-06-19,0.0,800.0,0.0,Parlatino,Frente Pro,11280.0,0.0,11280.0,2016,3.0
"LUENZO, Alfredo Héctor",2438/2016,Cuba,2016-06-16,2016-06-20,0.0,800.0,0.0,Parlatino,Chubut Somos Todos,11280.0,0.0,11280.0,2016,4.0
"PILATTI VERGARA, María Inés",2438/2016,Cuba,2016-06-16,2016-06-25,0.0,800.0,0.0,Parlatino,PJ Frente para la Victoria,11280.0,0.0,11280.0,2016,9.0
"PINEDO, Federico",2453/2016,Estados Unidos,2016-06-22,2016-06-24,0.0,900.0,0.0,ONU,Frente Pro,12780.0,0.0,12780.0,2016,2.0
"COBOS, Julio César",2453/2016,Estados Unidos,2016-06-21,2016-06-25,0.0,1200.0,0.0,ONU,Unión Cívica Radical,16920.0,0.0,16920.0,2016,4.0
"BOYADJIAN, Miriam Ruth",2453/2016,Estados Unidos,2016-06-22,2016-06-27,0.0,1500.0,0.0,ONU,Movimiento Popular Fueguino,21300.0,0.0,21300.0,2016,5.0
"FELLNER, Liliana Beatriz",2521/2016,Panamá,2016-06-22,2016-06-27,0.0,1250.0,0.0,Parlatino,PJ Frente para la Victoria,17750.0,0.0,17750.0,2016,5.0
"BRAILLARD POCCARD, Néstor",2521/2016,Panamá,2016-06-23,2016-06-27,0.0,1000.0,0.0,Parlatino,Frente Pro,14650.0,0.0,14650.0,2016,4.0
"FELLNER, Liliana Beatriz",2952/2016,Panamá,2016-07-28,2016-07-30,0.0,750.0,0.0,Parlatino,PJ Frente para la Victoria,11400.0,0.0,11400.0,2016,2.0
"PINEDO, Federico",2834/2016,Chile,2016-07-12,2016-07-13,0.0,400.0,0.0,Homenaje Bicentenario de la Independencia Argentina,Frente Pro,5920.0,0.0,5920.0,2016,1.0
"DE LA ROSA, Graciela",3335/2016,Chile,2016-09-01,2016-09-04,0.0,800.0,0.0,Parlatino,PJ Frente para la Victoria,12080.0,0.0,12080.0,2016,3.0
"MERA, Dalmacio Enrique",3335/2016,Chile,2016-09-01,2016-09-03,0.0,400.0,0.0,Parlatino,PJ Frente para la Victoria,6040.0,0.0,6040.0,2016,2.0
"PAIS, Juan Mario",3335/2016,Chile,2016-09-01,2016-09-04,0.0,400.0,0.0,Parlatino,PJ Frente para la Victoria,6040.0,0.0,6040.0,2016,3.0
"FELLNER, Liliana Beatriz",3335/2016,Chile,2016-08-31,2016-09-02,0.0,600.0,0.0,Parlatino,PJ Frente para la Victoria,9060.0,0.0,9060.0,2016,2.0
"MENEM, Carlos Saúl",3503/2016,Italia,2016-09-15,2016-09-21,0.0,1800.0,0.0,Invitación especial como expresidente,Federalismo y Liberación,27450.0,0.0,27450.0,2016,6.0
"RODRÍGUEZ SAÁ, Adolfo",3614/2016,Uruguay,2016-09-19,2016-09-22,0.0,800.0,0.0,Eurolat,Justicialista San Luis,12280.0,0.0,12280.0,2016,3.0
"ROZAS, Ángel",3614/2016,Uruguay,2016-09-18,2016-09-22,0.0,1000.0,0.0,Eurolat,Unión Cívica Radical,16050.0,0.0,16050.0,2016,4.0
"PEROTTI, Omar Ángel",3614/2016,Uruguay,2016-09-18,2016-09-21,0.0,800.0,0.0,Eurolat,PJ Frente para la Victoria,12840.0,0.0,12840.0,2016,3.0
"GIACOPPO, Silvia del Rosario",3614/2016,Uruguay,2016-09-19,2016-09-22,0.0,800.0,0.0,Eurolat,Unión Cívica Radical,12280.0,0.0,12280.0,2016,3.0
"URTUBEY, Rodolfo Julio",3542/2016,Uruguay,2016-09-28,2016-09-29,0.0,400.0,0.0,Seminario Parlamentario,PJ Frente para la Victoria,6220.0,0.0,6220.0,2016,1.0
"LUENZO, Alfredo Héctor",3812/2016,Costa Rica,2016-09-22,2016-10-02,0.0,1000.0,0.0,Congreso Nacional de Zonas Francas,Chubut Somos Todos,15350.0,0.0,15350.0,2016,10.0
"GIACOPPO, Silvia del Rosario",3957/2016,Colombia,2016-09-29,2016-10-04,0.0,800.0,0.0,Plebiscito,Unión Cívica Radical,12480.0,0.0,12480.0,2016,5.0
"FELLNER, Liliana",3759/2016,Panamá / Ecuador,2016-10-13,2016-10-18,0.0,1350.0,0.0,Parlamento Latinoamericano,PJ Frente para la Victoria,20655.0,0.0,20655.0,2016,5.0
"CREXELL, Lucila",3613/2016,Suiza,2016-10-19,2016-10-29,0.0,0.0,2100.0,Asamblea Unión Interparlamentaria,Movimiento Popular Neuquino,0.0,37905.0,37905.0,2016,10.0
"URTUBEY, Rodolfo",3613/2016,Suiza,2016-10-20,2016-10-31,0.0,0.0,2100.0,Asamblea Unión Interparlamentaria,PJ Frente para la Victoria,0.0,37905.0,37905.0,2016,11.0
"ROMERO, Juan Carlos",3613/2016,Suiza,2016-10-20,2016-10-29,0.0,0.0,1500.0,Asamblea Unión Interparlamentaria,Frente Popular Salteño,0.0,27075.0,27075.0,2016,9.0
"OJEDA, José Anatolio",3620/2016,Ecuador,2016-10-17,2016-10-20,0.0,600.0,0.0,Parlamento Latinoamericano Caribeño,PJ Frente para la Victoria,9240.0,0.0,9240.0,2016,3.0
"ALMIRON, Ana Claudia",3620/2016,Ecuador,2016-10-17,2016-10-20,0.0,800.0,0.0,Parlamento Latinoamericano Caribeño,PJ Frente para la Victoria,12320.0,0.0,12320.0,2016,3.0
"ITURREZ DE CAPPELLINI,  Ada Rosa",3805/2016,Panamá,2016-10-13,2016-10-17,0.0,750.0,0.0,Parlamento Latinoamericano Caribeño,Frente Cívico por Santiago,11475.0,0.0,11475.0,2016,4.0
"BOYADJIAN, Miriam Ruth",3805/2016,Panamá,2016-10-13,2016-10-17,0.0,1250.0,0.0,Parlamento Latinoamericano Caribeño,Movimiento Popular Fueguino,19125.0,0.0,19125.0,2016,4.0
"PINEDO, Federico",3769/2016,España / Suiza,2016-10-20,2016-10-31,0.0,0.0,2100.0,Asamblea Unión Interparlamentaria,Frente Pro,0.0,37905.0,37905.0,2016,11.0
"RODRÍGUEZ SAÁ, Adolfo",4097/2016,Panamá,2016-10-13,2016-10-16,0.0,750.0,0.0,Parlamento Latinoamericano Caribeño,Alianza Compromiso Federal,11475.0,0.0,11475.0,2016,3.0
"GIACOPPO, Silvia del Rosario",4219/2016,Panamá,2016-10-13,2016-10-19,0.0,1000.0,0.0,Parlamento Latinoamericano Caribeño,Unión Cívica Radical,15300.0,0.0,15300.0,2016,6.0
"MIRKIN, Beatriz",4412/2016,Uruguay,2016-10-26,2016-10-28,0.0,600.0,0.0,CEPAL,PJ Frente para la Victoria,9240.0,0.0,9240.0,2016,2.0
"GIACOPPO, Silvia del Rosario",4412/2016,Uruguay,2016-10-25,2016-10-27,0.0,600.0,0.0,CEPAL,Unión Cívica Radical,9240.0,0.0,9240.0,2016,2.0
"CASTILLO, Oscar Aníbal",3445/2016,Estados Unidos,2016-11-06,2016-11-13,0.0,2100.0,0.0,Veedor elecciones presidenciales E.E.U.U.,Frente Cívico y Social de Catamarca,33705.0,0.0,33705.0,2016,7.0
"ABAL MEDINA, Juan Manuel",3445/2016,Estados Unidos,2016-11-06,2016-11-13,0.0,1800.0,0.0,Veedor elecciones presidenciales E.E.U.U.,PJ Frente para la Victoria,28890.0,0.0,28890.0,2016,7.0
"GIACOPPO, Silvia del Rosario",4632/2016,México,2016-11-08,2016-11-11,0.0,1000.0,0.0,Foro Parlamentario,Unión Cívica Radical,15150.0,0.0,15150.0,2016,3.0
"RODRÍGUEZ MACHADO, Laura Elena",4788/2016,Alemania,2016-11-20,2016-11-24,0.0,0.0,2100.0,"Programa de Estudio y Diálogo para Políticos
de Argentina",Frente Pro,0.0,37170.0,37170.0,2016,4.0
"LEGUIZAMÓN, María Laura",4641/2016,España,2016-11-25,2016-11-27,0.0,0.0,900.0,Congreso Nacional Dificultades de Aprendizaje,PJ Frente para la Victoria,0.0,15930.0,15930.0,2016,2.0
"DE LA ROSA, María Graciela",4763/2016,Panamá,2016-12-01,2016-12-04,0.0,1000.0,0.0,Parlatino,PJ Frente para la Victoria,16050.0,0.0,16050.0,2016,3.0
"KUNATH, Sigrid Elisabeth",4763/2016,Panamá,2016-12-01,2016-12-03,0.0,750.0,0.0,Parlatino,PJ Frente para la Victoria,12037.5,0.0,12037.5,2016,2.0
"OJEDA, José Anatolio",5002/2016,Panamá,2016-12-01,2016-12-04,0.0,750.0,0.0,Parlatino,PJ Frente para la Victoria,12037.5,0.0,12037.5,2016,3.0
"GIACOPPO, Silvia Del Rosario",5002/2016,Panamá,2016-12-01,2016-12-03,0.0,750.0,0.0,Parlatino,Unión Cívica Radical,12037.5,0.0,12037.5,2016,2.0
"FELLNER, Liliana",5002/2016,Panamá,2016-12-01,2016-12-05,0.0,1250.0,0.0,Parlatino,PJ Frente para la Victoria,20062.5,0.0,20062.5,2016,4.0
"LOVERA, Daniel Aníbal",4495/2016,Colombia,2016-12-05,2016-12-12,0.0,1400.0,0.0,Conferencia Regional de Medellín 2016,PJ La Pampa,22540.000000000004,0.0,22540.000000000004,2016,7.0
"PAIS, Juan Mario",4984/2016,Panamá,2016-12-01,2016-12-05,0.0,1000.0,0.0,Parlatino,PJ Frente para la Victoria,16050.0,0.0,16050.0,2016,4.0
"LEGUIZAMÓN, María Laura",5524/2016,Emiratos Árabes Unidos,2016-12-09,2016-12-14,0.0,0.0,0.0,"Cumbre de Presidentas de Parlamento Unidas
para configurar el futuro",PJ Frente para la Victoria,0.0,0.0,0.0,2016,5.0
"PINEDO, Federico",5420/2016,Alemania/Suiza/Reino Unido de Gran  Bretaña,2017-01-14,2017-02-05,0.0,0.0,2100.0,"""International Democrat Union Executive Meeting"",
""Committee on the Human Rights of Parlamentarians"", Visita al Parlamento del Reino Unido",Frente Pro,0.0,37800.0,37800.0,2017,22.0
"CREXELL, Carmen Lucila",5534/2016,Reino Unido de Gran Bretaña/ Irlanda del Norte,2017-01-27,2017-02-07,0.0,0.0,2100.0,Grupo Parlamentario de Amistad Gran Bretaña - Argentina,Movimiento Popular Neuquino,0.0,37800.0,37800.0,2017,11.0
"URTUBEY, Rodolfo Julio",5534/2016,Reino Unido de Gran Bretaña/ Irlanda del Norte,2017-01-28,2017-02-05,0.0,0.0,2100.0,Grupo Parlamentario de Amistad Gran Bretaña - Argentina,PJ Frente para la Victoria,0.0,37800.0,37800.0,2017,8.0
"PEREYRA, Guillermo",333/2017,España,2017-02-18,2017-02-28,0.0,0.0,1200.0,Comitiva oficial del Ministerio de Trabajo,Movimiento Popular Neuquino,0.0,21600.0,21600.0,2017,10.0
"PETCOFF NAIDENOFF, Luis",333/2017,España,2017-02-20,2017-02-26,0.0,0.0,1200.0,Comitiva oficial del Ministerio de Trabajo,Unión Cívica Radical,0.0,21600.0,21600.0,2017,6.0
"PILATTI VERGARA, María Inés",303/2017,Ecuador,2017-02-16,2017-02-21,0.0,1200.0,0.0,Comicios generales en la Republica del Ecuador,PJ Frente para la Victoria,18720.0,0.0,18720.0,2017,5.0
"COBOS, Julio",305/2017,Chile,2017-02-12,2017-02-13,0.0,400.0,0.0,Bicentenario del Cruce de los Andes y la Batalla de Chacabuco,Unión Cívica Radical,6240.0,0.0,6240.0,2017,1.0
"URTUBEY, Rodolfo Julio",179/2017,Estados Unidos,2017-02-12,2017-02-19,0.0,900.0,0.0,"Audiencia Parlamentaria Anual de la Unión Interparlamentaria
""El mundo azul""",PJ Frente para la Victoria,14040.0,0.0,14040.0,2017,7.0
"ROZAS, Ángel",179/2017,Estados Unidos,2017-02-11,2017-02-20,0.0,2100.0,0.0,"Audiencia Parlamentaria Anual de la Unión Interparlamentaria
""El mundo azul""",Unión Cívica Radical,32760.0,0.0,32760.0,2017,9.0
"SOLANAS, Fernando Ezequiel",5598/2016,Italia,2017-02-01,2017-02-10,0.0,0.0,2100.0,"""Encuentro Ética en Acción""",Proyecto Sur Unen,0.0,37800.0,37800.0,2017,9.0
"FELLNER, Liliana",258/2017,Panamá,2017-02-19,2017-02-22,0.0,1000.0,0.0,"""Parlamento Latinoamericano""",PJ Frente para la Victoria,15600.0,0.0,15600.0,2017,3.0
"LUENZO, Alfredo",332/2017,Chile,2017-02-12,2017-02-13,0.0,400.0,0.0,Bicentenario del Cruce de los Andes y la Batalla de Chacabuco,Chubut Somos Todos,6240.0,0.0,6240.0,2017,1.0
"AGUILAR, Eduardo",341/2017,Bélgica,2017-03-07,2017-03-16,0.0,0.0,2100.0,Conferencia Parlamentaria sobre OMC,PJ Frente para la Victoria,0.0,37800.0,37800.0,2017,9.0
"COBOS, Julio",515/2017,República de Azerbaiyán,2017-03-13,2017-03-19,0.0,1800.0,0.0,5º Foro Global de Bakú,Unión Cívica Radical,28260.0,0.0,28260.0,2017,6.0
"LINARES, Jaime",550/2017,Alemania,2017-03-09,2017-03-16,0.0,0.0,2100.0,Convención de la Alianza Progresista,Gen,0.0,37800.0,37800.0,2017,7.0
"FELLNER, Liliana",585/2017,México,2017-03-22,2017-03-26,0.0,1250.0,0.0,Parlamento Latinoamericano y Caribeño,PJ Frente para la Victoria,19750.0,0.0,19750.0,2017,4.0
"LUENZO, Alfredo",541/2017,México,2017-03-22,2017-03-26,0.0,1250.0,0.0,Parlamento Latinoamericano y Caribeño,Chubut Somos Todos,19750.0,0.0,19750.0,2017,4.0
"CREXELL, Carmen Lucila",646/2017,Bangladesh,2017-03-28,2017-04-05,0.0,2100.0,0.0,136º Asamblea de la Unión Interparlamentaria,Movimiento Popular Neuquino,33180.0,0.0,33180.0,2017,8.0
"PINEDO, Federico",646/2017,Bangladesh,2017-03-31,2017-04-05,0.0,1800.0,0.0,136º Asamblea de la Unión Interparlamentaria,Frente Pro,28080.0,0.0,28080.0,2017,5.0
